{
  "mse": 0.05638910457491875,
  "mae": 0.20849040150642395,
  "r2": -3.5458431243896484,
  "loss": 0.060273260802205186,
  "selected_model": "best",
  "model_type": "best"
}