{
  "mse": 0.001177761354483664,
  "mae": 0.027483025565743446,
  "r2": 0.14117079973220825,
  "loss": 0.001245972205651924
}