{
  "total_epochs": 20,
  "best_epoch": 20,
  "best_val_loss": 0.001245972205651924,
  "best_val_r2": 0.14117079973220825,
  "total_time_sec": 2.029804167978,
  "mean_time_per_epoch": 0.1014902083989,
  "std_time_per_epoch": 0.0887154207489901,
  "epoch_times": [
    0.48809279198758304,
    0.08624137501465157,
    0.08091600000625476,
    0.07919695798773319,
    0.08290295896586031,
    0.08246870897710323,
    0.08239983400562778,
    0.0808416249928996,
    0.08160291600506753,
    0.08192029199562967,
    0.07962675002636388,
    0.07964754197746515,
    0.08063012501224875,
    0.08148612501099706,
    0.08165758301038295,
    0.08390820800559595,
    0.07695270795375109,
    0.07764279202092439,
    0.08136416703928262,
    0.08030470798257738
  ],
  "train_losses": [
    0.19127249970499957,
    0.04403248357786132,
    0.019711827218998224,
    0.016303156469283358,
    0.016515146708115935,
    0.015428279742731579,
    0.015690195199567825,
    0.01424788513187585,
    0.013342564992074455,
    0.013323406547507537,
    0.013240091668974076,
    0.013140799253181155,
    0.012606398402048009,
    0.012649212090764195,
    0.013435554266574659,
    0.012731304196807156,
    0.012956462260003068,
    0.011903031991096213,
    0.012076503480784595,
    0.012510747690352477
  ],
  "val_losses": [
    0.026149896505687917,
    0.003165141303595322,
    0.002574804798184362,
    0.002351423039466941,
    0.0023131271092487232,
    0.0022436415809871896,
    0.0023357904699098852,
    0.0016615760146773287,
    0.0017111703054979444,
    0.0015966858066219305,
    0.0016974805954045483,
    0.001307564413374556,
    0.0017469938528457923,
    0.0019381229732451694,
    0.0014225151348260365,
    0.0015803043788764626,
    0.001888294388273997,
    0.0015425366769444995,
    0.0018042222322297416,
    0.001245972205651924
  ],
  "val_r2_scores": [
    -18.34052276611328,
    -1.6333644390106201,
    -1.1229548454284668,
    -0.9132578372955322,
    -0.8339991569519043,
    -0.742271900177002,
    -0.7616602182388306,
    -0.2886013984680176,
    -0.29147815704345703,
    -0.19409048557281494,
    -0.2348625659942627,
    0.011433243751525879,
    -0.23562490940093994,
    -0.34111809730529785,
    -0.007468104362487793,
    -0.09463000297546387,
    -0.27298760414123535,
    -0.05330383777618408,
    -0.20539391040802002,
    0.14117079973220825
  ],
  "distributed": false
}