{
  "mse": 0.0038383696228265762,
  "mae": 0.05146550387144089,
  "r2": 0.6905673742294312,
  "loss": 0.003802742769860948,
  "selected_model": "final",
  "model_type": "final"
}