{
  "mse": 0.013914047740399837,
  "mae": 0.1008220762014389,
  "r2": -0.1216897964477539,
  "loss": 0.014114462082356876,
  "model_type": "best"
}