{
  "mse": 0.00171174097340554,
  "mae": 0.032817382365465164,
  "r2": -0.24820971488952637,
  "loss": 0.0018451969887022502
}