{
  "train_losses": [
    0.1175081975221097,
    0.01801310638217507,
    0.01508624634395043,
    0.01299031457007938,
    0.013040958303823933,
    0.014001551961006076,
    0.012894489689151177,
    0.013343786413840077,
    0.012886309817953556,
    0.01253383927601012,
    0.011562969271294974,
    0.012607960469878136,
    0.01266463605796096,
    0.011701791465433466,
    0.01124256521228466,
    0.012763578070302468,
    0.010951697224381942,
    0.010532497120014316,
    0.010803803535144742,
    0.009253894022942797
  ],
  "val_losses": [
    0.005401234921569435,
    0.005192154857258384,
    0.005947624095894683,
    0.003047857892502529,
    0.0031588657987483134,
    0.005451489602609609,
    0.004504300967360346,
    0.002323860079811241,
    0.0042956552765994836,
    0.0018451969887022502,
    0.0034788488013034044,
    0.003017117797683638,
    0.005781637963641865,
    0.0024446376594893923,
    0.0025453958369325846,
    0.0023571675018711877,
    0.0018535652488935739,
    0.0028806913872428527,
    0.003886545765383814,
    0.0031265532474767845
  ],
  "val_r2_scores": [
    -3.0004472732543945,
    -2.7364697456359863,
    -3.2149453163146973,
    -1.141244649887085,
    -1.1925926208496094,
    -2.7738006114959717,
    -2.0928966999053955,
    -0.574901819229126,
    -1.9364025592803955,
    -0.24820971488952637,
    -1.3639085292816162,
    -1.0402631759643555,
    -2.956386089324951,
    -0.6415467262268066,
    -0.7132056951522827,
    -0.5863474607467651,
    -0.24570202827453613,
    -0.9461226463317871,
    -1.6368327140808105,
    -1.1083505153656006
  ],
  "best_epoch": 10
}