{
  "mse": 0.0008955650846473873,
  "mae": 0.025314023718237877,
  "r2": 0.34694963693618774,
  "loss": 0.0009361341716222731
}