{
  "mse": 0.003931534010916948,
  "mae": 0.057432062923908234,
  "r2": 0.6830568909645081,
  "loss": 0.003998820160632022,
  "model_type": "final"
}