{
  "train_losses": [
    0.03881184028328529,
    0.05872800644387358,
    0.01879387642423223,
    0.04378916311543435,
    0.09501581696011792,
    0.03042542571035613,
    0.024798195476510694,
    0.022598266219055013,
    0.012800316600727715,
    0.010351301861062114,
    0.011759278460106413,
    0.013844733675276595,
    0.01478494304839322,
    0.017545820222169693,
    0.0194114420113952,
    0.019035171837978333,
    0.020999938898187662,
    0.01754524599112171,
    0.018778924584954178,
    0.019586894050007686
  ],
  "val_losses": [
    0.0024848579528874586,
    0.013258885126560926,
    0.06292899418622255,
    0.012792222767270036,
    0.22461462446621486,
    0.07259429033313479,
    0.002954966658892642,
    0.0014843782534756298,
    0.0013485500842632195,
    0.0026880204012351377,
    0.00199537246537927,
    0.0016334393959758537,
    0.0018196365064276116,
    0.0016947809906144226,
    0.001991156139411032,
    0.001645122914591671,
    0.003054100477519179,
    0.0015123960204488998,
    0.0009409909419316266,
    0.0009361341716222731
  ],
  "val_r2_scores": [
    -1.0348374843597412,
    -8.826621055603027,
    -43.63565444946289,
    -8.920888900756836,
    -162.21949768066406,
    -50.08433151245117,
    -0.8400235176086426,
    0.08545273542404175,
    0.15104538202285767,
    -0.6199305057525635,
    -0.23311352729797363,
    -0.08998394012451172,
    -0.24015355110168457,
    -0.2576786279678345,
    -0.6170271635055542,
    -0.29389870166778564,
    -1.5383892059326172,
    -0.25304996967315674,
    0.3449801206588745,
    0.34694963693618774
  ],
  "best_epoch": 20
}