{
  "mse": 0.041703689843416214,
  "mae": 0.17943067848682404,
  "r2": -2.361969232559204,
  "loss": 0.04360723616264295,
  "model_type": "final"
}