{
  "mse": 0.041148602962493896,
  "mae": 0.1777355819940567,
  "r2": -2.317220687866211,
  "loss": 0.04320351162459701,
  "selected_model": "best",
  "model_type": "best"
}