{
  "mse": 0.0009134382125921547,
  "mae": 0.024828214198350906,
  "r2": 0.33391648530960083,
  "loss": 0.0007769193034619093
}