{
  "total_epochs": 20,
  "best_epoch": 16,
  "best_val_loss": 0.0007769193034619093,
  "best_val_r2": 0.33391648530960083,
  "total_time_sec": 0.9802625000011176,
  "mean_time_per_epoch": 0.04901312500005588,
  "std_time_per_epoch": 0.023213235172483887,
  "epoch_times": [
    0.14989283302566037,
    0.04946650000056252,
    0.04455737501848489,
    0.041681959002744406,
    0.0425943749723956,
    0.04268424998736009,
    0.04323658300563693,
    0.04290699999546632,
    0.04307291703298688,
    0.043111000035423785,
    0.04235000000335276,
    0.042937291029375046,
    0.04547079204348847,
    0.04286112496629357,
    0.04344245896209031,
    0.04729895800119266,
    0.04288379196077585,
    0.043285915977321565,
    0.04217395797604695,
    0.044353417004458606
  ],
  "train_losses": [
    0.06522174463939986,
    0.0889944997283497,
    0.03368606501525002,
    0.04956957381883902,
    0.09154586246170636,
    0.14602433028630912,
    0.20268926114243055,
    0.1964985870623163,
    0.14033241265652968,
    0.0779408282334251,
    0.0408476709354935,
    0.024091886173534607,
    0.014367424700010036,
    0.01201852790213057,
    0.010109742188693158,
    0.010857398072922868,
    0.01098480970332665,
    0.012123979262209364,
    0.01344124401553667,
    0.015273748281677919
  ],
  "val_losses": [
    0.008400212449487299,
    0.02350880578160286,
    0.028439136687666178,
    0.07336523197591305,
    0.03552991431206465,
    0.02305176411755383,
    0.0019817413194687106,
    0.0014877447429171298,
    0.0027197000745218247,
    0.0010851203333004378,
    0.0014021265669725835,
    0.0010402754342067055,
    0.002138682502845768,
    0.0009729439989314415,
    0.0022086705139372498,
    0.0007769193034619093,
    0.0020118518878007308,
    0.0008907879200705793,
    0.004364946886198595,
    0.0013685738870208297
  ],
  "val_r2_scores": [
    -5.590957164764404,
    -15.287851333618164,
    -20.869140625,
    -48.98512268066406,
    -26.739059448242188,
    -15.201889038085938,
    -0.30307960510253906,
    -0.39113736152648926,
    -0.4521055221557617,
    0.10455113649368286,
    0.18970757722854614,
    0.2608910799026489,
    -0.23452472686767578,
    0.3393900394439697,
    -0.34323179721832275,
    0.33391648530960083,
    -0.2577168941497803,
    0.16926074028015137,
    -1.713423490524292,
    -0.300828218460083
  ],
  "distributed": false
}