{
  "mse": 0.0019534893799573183,
  "mae": 0.040899842977523804,
  "r2": -0.42449378967285156,
  "loss": 0.001721445335923428
}