{
  "mse": 0.02656729333102703,
  "mae": 0.14107879996299744,
  "r2": -1.1417391300201416,
  "loss": 0.02839083621984173,
  "selected_model": "best",
  "model_type": "best"
}