{
  "mu": [
    0.25227088333227
  ],
  "sd": [
    0.1551724638431542
  ]
}