{
  "train_losses": [
    0.06592699979332142,
    0.04530652985808307,
    0.032318625175061504,
    0.028909420844034424,
    0.02219725803505363,
    0.018999589790057923,
    0.015917454758891836,
    0.01659684016652006,
    0.01524252286929238,
    0.014324253242063736,
    0.01489861631749331,
    0.012800759768911771,
    0.012906736066465132,
    0.012450717485210459,
    0.01419869133055077,
    0.012203788497052821,
    0.012081801034842752,
    0.011272798217500426,
    0.010647299304504745,
    0.012550542372212346
  ],
  "val_losses": [
    0.10528108796903066,
    0.06327569165400096,
    0.03775059751101902,
    0.021590684008385454,
    0.012737434956112079,
    0.0078744273133842,
    0.005386486075752016,
    0.004263398175161066,
    0.003782055571459101,
    0.0033465640292758636,
    0.0031504120029239857,
    0.0029541351312900588,
    0.002726384098683151,
    0.002551206197819868,
    0.0023870535083655602,
    0.0022290676099925933,
    0.0020547413507512957,
    0.0019528232556435146,
    0.001860810348132093,
    0.001721445335923428
  ],
  "val_r2_scores": [
    -74.83934783935547,
    -44.896358489990234,
    -26.668930053710938,
    -15.097776412963867,
    -8.724283218383789,
    -5.191208362579346,
    -3.3584609031677246,
    -2.513516664505005,
    -2.136664867401123,
    -1.7882626056671143,
    -1.625152587890625,
    -1.4617626667022705,
    -1.2711799144744873,
    -1.1255385875701904,
    -0.9882529973983765,
    -0.8570436239242554,
    -0.7122938632965088,
    -0.6252230405807495,
    -0.5406558513641357,
    -0.42449378967285156
  ],
  "best_epoch": 20
}