{
  "mse": 0.021596353501081467,
  "mae": 0.13478156924247742,
  "r2": -0.7410036325454712,
  "loss": 0.023047906695865095,
  "selected_model": "final",
  "model_type": "final"
}