{
  "mse": 0.0005709180841222405,
  "mae": 0.0194269847124815,
  "r2": 0.5836838483810425,
  "loss": 0.0004753105458803475
}