{
  "mse": 0.0238188486546278,
  "mae": 0.1383713036775589,
  "r2": -0.9201716184616089,
  "loss": 0.025633105484303087,
  "model_type": "best"
}