{
  "train_losses": [
    0.04156494682787785,
    0.13654243277518877,
    0.02502850253534104,
    0.01833813590928912,
    0.016306225060751394,
    0.017036991676182618,
    0.020971762349030802,
    0.021460813004523516,
    0.023551111758154417,
    0.03264507516619882,
    0.03725653417807605,
    0.042258412427535016,
    0.042242474820730944,
    0.04237788647878915,
    0.03539588354760781,
    0.031368921228152304,
    0.024308836212315197,
    0.02139462371789185,
    0.017517302243504673,
    0.015798626841777668
  ],
  "val_losses": [
    0.0026123740390175954,
    0.000729099876480177,
    0.000490783011628082,
    0.0009540257415210363,
    0.0008702295806983784,
    0.003492006682790816,
    0.004128239292185754,
    0.0057778614573180676,
    0.0036640780745074153,
    0.006491679116152227,
    0.002325822424609214,
    0.003830134286545217,
    0.0015507165298913606,
    0.0021500814909813926,
    0.0006752707377017941,
    0.001154817291535437,
    0.0004916419056826271,
    0.001384281538776122,
    0.0004753105458803475,
    0.0011251028408878483
  ],
  "val_r2_scores": [
    -0.3809642791748047,
    0.4829258322715759,
    0.5493274927139282,
    0.4711519479751587,
    0.17179954051971436,
    -1.0472915172576904,
    -2.5071768760681152,
    -2.6080172061920166,
    -2.154571771621704,
    -3.1961164474487305,
    -1.093597650527954,
    -1.5421288013458252,
    -0.43513476848602295,
    -0.4611237049102783,
    0.3610840439796448,
    0.1880587339401245,
    0.564293384552002,
    0.06698966026306152,
    0.5836838483810425,
    0.24814081192016602
  ],
  "best_epoch": 19
}