{
  "mse": 0.14835013449192047,
  "mae": 0.35265448689460754,
  "r2": -10.959339141845703,
  "loss": 0.15124937028233562,
  "selected_model": "best",
  "model_type": "best"
}