{
  "mse": 0.3627258241176605,
  "mae": 0.5693630576133728,
  "r2": -28.241371154785156,
  "loss": 0.36821777878269074,
  "model_type": "final"
}