{
  "mse": 0.0008441131212748587,
  "mae": 0.024946650490164757,
  "r2": 0.384468674659729,
  "loss": 0.0008528973043072396
}