{
  "total_epochs": 20,
  "best_epoch": 10,
  "best_val_loss": 0.0008528973043072396,
  "best_val_r2": 0.384468674659729,
  "total_time_sec": 3.365450666984543,
  "mean_time_per_epoch": 0.16827253334922715,
  "std_time_per_epoch": 0.025549109161687192,
  "epoch_times": [
    0.25510454102186486,
    0.16139724996173754,
    0.15742695797234774,
    0.15241033304482698,
    0.15462570899398997,
    0.15443504095310345,
    0.1537802090169862,
    0.15472454199334607,
    0.15435354196233675,
    0.15216166601749137,
    0.17941370798507705,
    0.1574734579771757,
    0.20241016702493653,
    0.15833325003040954,
    0.1546660420135595,
    0.2067307920078747,
    0.18194979196414351,
    0.1696322500356473,
    0.15183483302826062,
    0.15258658397942781
  ],
  "train_losses": [
    0.01808577474743665,
    0.02965169016854955,
    0.012985335351471361,
    0.014099092031346617,
    0.02169543295272265,
    0.05219321262599011,
    0.0829082379256048,
    0.03884668624959886,
    0.008591030780456725,
    0.007524148623987629,
    0.004715190041204075,
    0.004036719362809415,
    0.004081053577776713,
    0.0036208433361812117,
    0.003536814707986851,
    0.0037624703109031543,
    0.0038102351195652977,
    0.004211774968483427,
    0.0043175753342619095,
    0.005171527427559307
  ],
  "val_losses": [
    0.05587843583466915,
    0.06911253040799728,
    0.14940732430953246,
    0.28092533063430053,
    0.38720117050867814,
    0.20701467500139886,
    0.018236475423551522,
    0.02380787917914299,
    0.0020411340575754787,
    0.0008528973043072396,
    0.0011135394645232456,
    0.001879893994415537,
    0.0021130348960958566,
    0.0022969646233832464,
    0.0035209838780037197,
    0.0038999707243279912,
    0.00701161641224574,
    0.007231205943613672,
    0.00918659549475146,
    0.012236195802240847
  ],
  "val_r2_scores": [
    -38.24235534667969,
    -47.426090240478516,
    -104.04740905761719,
    -196.93099975585938,
    -271.69866943359375,
    -143.93386840820312,
    -12.963924407958984,
    -17.071969985961914,
    -0.5723408460617065,
    0.384468674659729,
    0.24672871828079224,
    -0.2737313508987427,
    -0.4354346990585327,
    -0.5595444440841675,
    -1.4080815315246582,
    -1.667445182800293,
    -3.838625907897949,
    -3.9796934127807617,
    -5.338675498962402,
    -7.469829559326172
  ],
  "distributed": false
}