{
  "mse": 3.5668132305145264,
  "mae": 1.7357901334762573,
  "r2": -286.5408935546875,
  "loss": 3.6259203132602478,
  "model_type": "final"
}