{
  "mse": 0.19187910854816437,
  "mae": 0.3916775584220886,
  "r2": -14.46845531463623,
  "loss": 0.19505122757794696,
  "selected_model": "best",
  "model_type": "best"
}