{
  "mse": 0.0017434707842767239,
  "mae": 0.033150605857372284,
  "r2": -0.2713472843170166,
  "loss": 0.001642980513067344
}