{
  "train_losses": [
    0.029011031906414138,
    0.01684784909357896,
    0.010239227106459104,
    0.00821605370996671,
    0.008355108986457659,
    0.009508296655415482,
    0.006352586295195595,
    0.006018267417964232,
    0.004668695884410644,
    0.0038234578064844215,
    0.0035080142808985803,
    0.0033215982781781873,
    0.0037658234905065583,
    0.003320357125401413,
    0.0035612844318772354,
    0.0035356668700875196,
    0.0032079553733441375,
    0.004140828095579956,
    0.004221825446956581,
    0.006163509084364852
  ],
  "val_losses": [
    0.001642980513067344,
    0.007253139794696695,
    0.004196583208305618,
    0.009293917680714423,
    0.005871090948998104,
    0.006344048533859537,
    0.007451678838361449,
    0.011910590114824187,
    0.008972066811391134,
    0.010894356857953915,
    0.009994834700382153,
    0.009042063573500715,
    0.0069505963787937965,
    0.006719413730584515,
    0.0074141871412463775,
    0.006533022432659681,
    0.008031179241907712,
    0.012738447605023304,
    0.020459595610960744,
    0.042662769662386454
  ],
  "val_r2_scores": [
    -0.2713472843170166,
    -4.406637668609619,
    -2.182748794555664,
    -5.8711419105529785,
    -3.398550033569336,
    -3.7374634742736816,
    -4.535327434539795,
    -7.7372026443481445,
    -5.63703727722168,
    -7.015642166137695,
    -6.374866962432861,
    -5.7065043449401855,
    -4.2181196212768555,
    -4.08568000793457,
    -4.599290370941162,
    -3.999382972717285,
    -5.124122142791748,
    -8.564912796020508,
    -14.201944351196289,
    -30.113998413085938
  ],
  "best_epoch": 1
}