{
  "mse": 0.015858573839068413,
  "mae": 0.11548193544149399,
  "r2": -0.27844905853271484,
  "loss": 0.016834113615914248,
  "selected_model": "best",
  "model_type": "best"
}