{
  "mse": 0.017488647252321243,
  "mae": 0.12088499963283539,
  "r2": -0.4098583459854126,
  "loss": 0.018639865389559418,
  "model_type": "final"
}