{
  "mse": 0.0005223216721788049,
  "mae": 0.018383191898465157,
  "r2": 0.6191205382347107,
  "loss": 0.0005134723095190046
}