{
  "total_epochs": 20,
  "best_epoch": 15,
  "best_val_loss": 0.0005134723095190046,
  "best_val_r2": 0.6191205382347107,
  "total_time_sec": 1.8255048320279457,
  "mean_time_per_epoch": 0.09127524160139729,
  "std_time_per_epoch": 0.021808481197746917,
  "epoch_times": [
    0.17506858299020678,
    0.08619574998738244,
    0.10611516598146409,
    0.08768875000532717,
    0.1107665840536356,
    0.08346283301943913,
    0.08123520796652883,
    0.08200208295602351,
    0.07981095800641924,
    0.08133774995803833,
    0.10656195896444842,
    0.10225095803616568,
    0.08794975001364946,
    0.07863374997396022,
    0.08010445901891217,
    0.0795992499915883,
    0.0799721660441719,
    0.07919400004902855,
    0.07973254204262048,
    0.07782233296893537
  ],
  "train_losses": [
    0.025408913481182287,
    0.014043702457066891,
    0.010142965707927942,
    0.010188247297524608,
    0.008773649992820407,
    0.0069585267545854935,
    0.007137305011773216,
    0.007368787936034745,
    0.005541491324298217,
    0.005339838991598559,
    0.005097251063229383,
    0.0038149343319154078,
    0.003840179421656233,
    0.0036463361279207413,
    0.0037421384393902762,
    0.0031035885372797827,
    0.0036133147612937527,
    0.0030474783114706433,
    0.002545784414646083,
    0.003153421214457402
  ],
  "val_losses": [
    0.002618650174034493,
    0.002159020456019789,
    0.0006153422748736505,
    0.0005691984063430157,
    0.0006574933504452929,
    0.0006751327340940147,
    0.0006553299930861353,
    0.0005275236118385303,
    0.0005736063269848403,
    0.0006085842032916844,
    0.0005159345164429396,
    0.0005632120207467649,
    0.0010150169463096453,
    0.0005319166448316537,
    0.0005134723095190046,
    0.0014251994102128915,
    0.0006361630179786257,
    0.000558547638190378,
    0.0009638059169187077,
    0.0005232087195119155
  ],
  "val_r2_scores": [
    -0.8997964859008789,
    -0.4322633743286133,
    0.5785670280456543,
    0.6098089218139648,
    0.5734180212020874,
    0.566106915473938,
    0.5737354755401611,
    0.5921359062194824,
    0.6135256290435791,
    0.5988033413887024,
    0.6062800288200378,
    0.6137582063674927,
    0.3638501763343811,
    0.6273815631866455,
    0.6191205382347107,
    0.11148357391357422,
    0.48072803020477295,
    0.613182783126831,
    0.3918415307998657,
    0.5973862409591675
  ],
  "distributed": false
}