{
  "mse": 0.0413883700966835,
  "mae": 0.18473351001739502,
  "r2": -2.336549758911133,
  "loss": 0.04481952532660216,
  "model_type": "best"
}