{
  "mse": 0.0264165960252285,
  "mae": 0.14685536921024323,
  "r2": -1.1295905113220215,
  "loss": 0.028575855321832933,
  "selected_model": "final",
  "model_type": "final"
}