{
  "mse": 0.0005274291033856571,
  "mae": 0.018958022817969322,
  "r2": 0.6153961420059204,
  "loss": 0.0004958016382131193
}