{
  "total_epochs": 20,
  "best_epoch": 11,
  "best_val_loss": 0.0004958016382131193,
  "best_val_r2": 0.6153961420059204,
  "total_time_sec": 1.7106629158952273,
  "mean_time_per_epoch": 0.08553314579476137,
  "std_time_per_epoch": 0.024083725008020366,
  "epoch_times": [
    0.19018804101506248,
    0.08366066601593047,
    0.08158266701502725,
    0.08085729199228808,
    0.07862670795293525,
    0.08164749998832121,
    0.07979233301011845,
    0.08430479100206867,
    0.08094508305657655,
    0.07931233296403661,
    0.07901175000006333,
    0.08022999996319413,
    0.07975941698532552,
    0.07775670901173726,
    0.07893974997568876,
    0.08068504196126014,
    0.08018170797731727,
    0.07881945901317522,
    0.07556687499163672,
    0.07879479200346395
  ],
  "train_losses": [
    0.02447241999574804,
    0.06899061165417411,
    0.01649511482433549,
    0.015159169843952571,
    0.013013554063426065,
    0.010621047391655989,
    0.011352408232466717,
    0.011110075944868316,
    0.009790143667487428,
    0.009898651861086754,
    0.01026126224314794,
    0.00859825913253839,
    0.007829938701304075,
    0.008563821145799011,
    0.008598402186180465,
    0.008243169941124506,
    0.007884365371345277,
    0.007617505030274125,
    0.006888243480976338,
    0.005495087372504973
  ],
  "val_losses": [
    0.0020619062540520516,
    0.002811776981356421,
    0.0022300154253441307,
    0.0013953374748650407,
    0.0006449979160346889,
    0.0008110891722026281,
    0.0010169400962435507,
    0.0005580490479977536,
    0.0005206759690606434,
    0.0006199645036498883,
    0.0004958016382131193,
    0.0005609782425121271,
    0.0005494477684676115,
    0.0005344346230101239,
    0.0005519952454570946,
    0.0005114243644389457,
    0.0006074425057574574,
    0.0006289279325366286,
    0.0010632854599472402,
    0.000534931303783586
  ],
  "val_r2_scores": [
    -0.28225910663604736,
    -1.3338820934295654,
    -0.8296202421188354,
    -0.14869046211242676,
    0.46460187435150146,
    0.48936665058135986,
    0.36646246910095215,
    0.6320092678070068,
    0.6460744142532349,
    0.602558970451355,
    0.6153961420059204,
    0.6271857023239136,
    0.6292571425437927,
    0.6317576169967651,
    0.5728685259819031,
    0.6192388534545898,
    0.5072708129882812,
    0.48470962047576904,
    0.11812061071395874,
    0.56749427318573
  ],
  "distributed": false
}