{
  "mse": 0.00045031652553007007,
  "mae": 0.017084181308746338,
  "r2": 0.6716270446777344,
  "loss": 0.00047090259821353745
}