{
  "mse": 0.039125122129917145,
  "mae": 0.18066208064556122,
  "r2": -2.1540966033935547,
  "loss": 0.04226404747168999,
  "model_type": "final"
}