{
  "mse": 0.038967132568359375,
  "mae": 0.17973923683166504,
  "r2": -2.14136004447937,
  "loss": 0.04215385967108887,
  "selected_model": "best",
  "model_type": "best"
}