{
  "total_epochs": 20,
  "best_epoch": 13,
  "best_val_loss": 0.00047090259821353745,
  "best_val_r2": 0.6716270446777344,
  "total_time_sec": 1.7325552509282716,
  "mean_time_per_epoch": 0.08662776254641358,
  "std_time_per_epoch": 0.02147647173461146,
  "epoch_times": [
    0.17927608301397413,
    0.09350508300121874,
    0.08123645797604695,
    0.08049683296121657,
    0.0807606250164099,
    0.08261383301578462,
    0.08374233398353681,
    0.08274775004247203,
    0.08206550002796575,
    0.0806270000175573,
    0.0816342500038445,
    0.08072979201097041,
    0.0808438750100322,
    0.0794850829988718,
    0.07908899994799867,
    0.08184608398005366,
    0.0817311669816263,
    0.08250974997645244,
    0.08095604198751971,
    0.07665870897471905
  ],
  "train_losses": [
    0.2087481873376029,
    0.10412763639552784,
    0.06250680540688336,
    0.04396192618878558,
    0.02934669787230502,
    0.019881878081443056,
    0.016695860424079,
    0.01567873130885086,
    0.014140957617200911,
    0.015701193428997482,
    0.015674665428897634,
    0.013691840236008699,
    0.013556110922114126,
    0.013152354550714205,
    0.013934566822302128,
    0.014134535632495369,
    0.013404658754422729,
    0.01283764248364605,
    0.01235592897449221,
    0.012782285193679854
  ],
  "val_losses": [
    0.3873916906969888,
    0.21274362717356002,
    0.1140100604721478,
    0.05711937802178519,
    0.026177420946104184,
    0.01174682385421225,
    0.0053604731469282085,
    0.002395397783922298,
    0.0012704984733967908,
    0.0007810544609258484,
    0.0005198014867866212,
    0.0004740963060092846,
    0.00047090259821353745,
    0.0004715621772837559,
    0.000475794450072239,
    0.0004743881836475339,
    0.0004855486352296014,
    0.0005472558145161851,
    0.0005587482581696739,
    0.0005093075846421666
  ],
  "val_r2_scores": [
    -272.9153137207031,
    -148.84242248535156,
    -78.90547943115234,
    -38.74536895751953,
    -17.008838653564453,
    -6.946133136749268,
    -2.541125774383545,
    -0.5358729362487793,
    0.20176315307617188,
    0.5076949000358582,
    0.6522204875946045,
    0.6707485914230347,
    0.6716270446777344,
    0.6710445880889893,
    0.6694860458374023,
    0.6695008277893066,
    0.6657779812812805,
    0.6385320425033569,
    0.6322224140167236,
    0.6553813219070435
  ],
  "distributed": false
}