{
  "mse": 0.0008348474511876702,
  "mae": 0.02439250238239765,
  "r2": 0.39122527837753296,
  "loss": 0.0008518965534256914
}