{
  "mse": 0.0033307289704680443,
  "mae": 0.05233252793550491,
  "r2": 0.731491208076477,
  "loss": 0.0033272670135052213,
  "model_type": "final"
}