{
  "total_epochs": 20,
  "best_epoch": 20,
  "best_val_loss": 0.0008518965534256914,
  "best_val_r2": 0.39122527837753296,
  "total_time_sec": 3.7005102510447614,
  "mean_time_per_epoch": 0.18502551255223806,
  "std_time_per_epoch": 0.10632808651532394,
  "epoch_times": [
    0.6399014170165174,
    0.1639030000078492,
    0.1529088750248775,
    0.15228300000308082,
    0.15221712499624118,
    0.15426895901327953,
    0.15496387495659292,
    0.15068829100346193,
    0.1514707080204971,
    0.15207995800301433,
    0.15471470804186538,
    0.15134333400055766,
    0.151824000000488,
    0.15234333398984745,
    0.14892687497194856,
    0.17365574999712408,
    0.22126154199941084,
    0.21859825000865385,
    0.15240124997217208,
    0.15075600001728162
  ],
  "train_losses": [
    0.04907235934038286,
    0.02944841236295598,
    0.020950292685983685,
    0.016570901634540777,
    0.016242537905487256,
    0.013820615826753547,
    0.013860360003991035,
    0.012579305701561877,
    0.012239666110290601,
    0.011422398724584832,
    0.010684265748299827,
    0.011453524356716321,
    0.01034321995066093,
    0.009580154080984291,
    0.009371218170869994,
    0.010031137023926587,
    0.009053906071343803,
    0.008728143621680772,
    0.0073957070351687365,
    0.007614829281747744
  ],
  "val_losses": [
    0.045022838247510105,
    0.013477469857137363,
    0.006375241668418032,
    0.004298614418635575,
    0.0033327489370724205,
    0.0031006463283959488,
    0.0026792479508842984,
    0.002492025051301775,
    0.002171952263989414,
    0.0017400473656240278,
    0.0016308349250511338,
    0.0013413397190071498,
    0.0012031818355003803,
    0.0014102070023140046,
    0.0009950466427164008,
    0.0009953802873496898,
    0.0010281265321492145,
    0.0010861986207041459,
    0.001370205439833136,
    0.0008518965534256914
  ],
  "val_r2_scores": [
    -31.83020782470703,
    -9.019561767578125,
    -3.843167781829834,
    -2.3064956665039062,
    -1.5784289836883545,
    -1.392364263534546,
    -1.0615637302398682,
    -0.9059151411056519,
    -0.656426191329956,
    -0.33305835723876953,
    -0.23966777324676514,
    -0.027362823486328125,
    0.07640737295150757,
    -0.049131035804748535,
    0.2448580265045166,
    0.2582554817199707,
    0.2440190315246582,
    0.21553117036819458,
    0.031976163387298584,
    0.39122527837753296
  ],
  "distributed": false
}