{
  "mse": 0.041756391525268555,
  "mae": 0.18861380219459534,
  "r2": -2.366217851638794,
  "loss": 0.042532012332230806,
  "model_type": "final"
}