{
  "mse": 0.04173801466822624,
  "mae": 0.1852433681488037,
  "r2": -2.364736318588257,
  "loss": 0.0426051382298371,
  "selected_model": "best",
  "model_type": "best"
}