{
  "mse": 0.00043988798279315233,
  "mae": 0.016978586092591286,
  "r2": 0.679231584072113,
  "loss": 0.00044181418175307603
}