{
  "train_losses": [
    0.10475704882730234,
    0.03466738253697619,
    0.019447651257537103,
    0.01584895086256569,
    0.015893036702035315,
    0.014934535650116904,
    0.014278257767007023,
    0.015000436696232305,
    0.014096964001739482,
    0.0135288899575637,
    0.013751012755574676,
    0.012711990586909893,
    0.012814196369921168,
    0.011842358293146029,
    0.011370248519941359,
    0.011516201951717204,
    0.010260310405781408,
    0.01056202252705892,
    0.010264472683539262,
    0.009800236142525735
  ],
  "val_losses": [
    0.08848993537517694,
    0.013169647194445133,
    0.0015063556873848517,
    0.0005243501817368759,
    0.00044181418175307603,
    0.0004893869050787403,
    0.0005485688640104714,
    0.0005244453389493104,
    0.0006633332066905076,
    0.00048179627824888134,
    0.0005131296319842266,
    0.0005746703754994087,
    0.00047525639372627036,
    0.00046325401826134813,
    0.00047209326742002025,
    0.00046608537489261763,
    0.0011219439559051981,
    0.0006926348309766931,
    0.0006938820062294746,
    0.0007708838160257214
  ],
  "val_r2_scores": [
    -62.22956848144531,
    -8.27147102355957,
    -0.02310025691986084,
    0.6382615566253662,
    0.679231584072113,
    0.6590466499328613,
    0.6238287687301636,
    0.638404369354248,
    0.5509275197982788,
    0.661602258682251,
    0.6438058614730835,
    0.605644702911377,
    0.6628702878952026,
    0.6675633192062378,
    0.6631085872650146,
    0.6534781455993652,
    0.2352128028869629,
    0.5252923965454102,
    0.5252885818481445,
    0.4750428795814514
  ],
  "best_epoch": 5
}