{
  "mse": 0.0017576630925759673,
  "mae": 0.03678730130195618,
  "r2": -0.2816963195800781,
  "loss": 0.0015018131816759706
}