{
  "mse": 0.12944328784942627,
  "mae": 0.3184872567653656,
  "r2": -9.435153007507324,
  "loss": 0.1374157392856432,
  "selected_model": "final",
  "model_type": "final"
}