{
  "mse": 0.15967923402786255,
  "mae": 0.35496798157691956,
  "r2": -11.872642517089844,
  "loss": 0.16933658516791184,
  "model_type": "best"
}