{
  "train_losses": [
    0.26161433649914606,
    0.12280835756765944,
    0.05271790482636009,
    0.028196709164019142,
    0.01926206035672554,
    0.018182101992091963,
    0.017706189304590225,
    0.01566968608780631,
    0.015811947839600698,
    0.015045854928238052,
    0.01587342906610242,
    0.015619999196912562,
    0.014336513571574219,
    0.014198525110259652,
    0.013369338287572776,
    0.014119808312638529,
    0.013785463092582566,
    0.013757202458301825,
    0.014836505521088839,
    0.013909842752452408
  ],
  "val_losses": [
    0.14802789501845837,
    0.04619703348726034,
    0.011594509589485824,
    0.0037560718483291566,
    0.002650731361427461,
    0.002406773182883626,
    0.0023068994560162537,
    0.0022070865670684725,
    0.002111103691277094,
    0.0019816681160591543,
    0.001843701997131575,
    0.001843585581809748,
    0.0018051799706881866,
    0.001974917948246002,
    0.0020021228410769254,
    0.001674320999882184,
    0.0015425844758283347,
    0.0015018131816759706,
    0.0016150864685187116,
    0.0017897900543175638
  ],
  "val_r2_scores": [
    -104.96651458740234,
    -32.76572799682617,
    -8.076868057250977,
    -2.3791799545288086,
    -1.5137286186218262,
    -1.2867612838745117,
    -1.1656124591827393,
    -1.0587539672851562,
    -0.9525398015975952,
    -0.8324735164642334,
    -0.7122628688812256,
    -0.6682970523834229,
    -0.5993462800979614,
    -0.6628798246383667,
    -0.6501177549362183,
    -0.4314701557159424,
    -0.33162200450897217,
    -0.2816963195800781,
    -0.31379520893096924,
    -0.3848998546600342
  ],
  "best_epoch": 18
}