{
  "mse": 0.0009732100297696888,
  "mae": 0.026012133806943893,
  "r2": 0.29033058881759644,
  "loss": 0.0012461135629564524
}