{
  "mse": 0.048521488904953,
  "mae": 0.20412904024124146,
  "r2": -2.911590576171875,
  "loss": 0.051615066186059266,
  "model_type": "final"
}