{
  "total_epochs": 20,
  "best_epoch": 20,
  "best_val_loss": 0.0012461135629564524,
  "best_val_r2": 0.29033058881759644,
  "total_time_sec": 0.9747280000592582,
  "mean_time_per_epoch": 0.04873640000296291,
  "std_time_per_epoch": 0.023248518052204625,
  "epoch_times": [
    0.14967275003436953,
    0.05188087496208027,
    0.0437052909983322,
    0.041917958995327353,
    0.042858625005465,
    0.04228041705209762,
    0.042877166997641325,
    0.042397792043630034,
    0.044179083954077214,
    0.043425625015515834,
    0.04282187495846301,
    0.04421470797387883,
    0.04353245801758021,
    0.042160832963418216,
    0.04281204199651256,
    0.04177629202604294,
    0.04264604102354497,
    0.043728541990276426,
    0.04214516602223739,
    0.04369445802876726
  ],
  "train_losses": [
    0.26372787276549,
    0.18836784988109553,
    0.14128473873383232,
    0.10986824014357158,
    0.08591926580161921,
    0.06714451289735734,
    0.06014849308745137,
    0.04523161695604878,
    0.0352476738792445,
    0.030851839509393488,
    0.025058787881529758,
    0.021076899554048265,
    0.020527465967461467,
    0.01734118170237967,
    0.01658730483281293,
    0.01614978871241744,
    0.014539230548377548,
    0.014875855197065644,
    0.015025944182915347,
    0.013371378466087793
  ],
  "val_losses": [
    0.5962335467338562,
    0.4590689539909363,
    0.3524046242237091,
    0.2687075696885586,
    0.20341166481375694,
    0.152727659791708,
    0.11316618323326111,
    0.08282252307981253,
    0.0598823232576251,
    0.04259271873161197,
    0.03006673976778984,
    0.021167737897485495,
    0.014396511716768146,
    0.00964847079012543,
    0.006571889680344611,
    0.004277348809409887,
    0.0029888945864513516,
    0.00216735978028737,
    0.0016138661667355336,
    0.0012461135629564524
  ],
  "val_r2_scores": [
    -411.6125793457031,
    -315.8852844238281,
    -241.60079956054688,
    -183.4345245361328,
    -138.1553955078125,
    -103.09064483642578,
    -75.7942123413086,
    -54.913917541503906,
    -39.1698112487793,
    -27.35011100769043,
    -18.827144622802734,
    -12.805517196655273,
    -8.256205558776855,
    -5.0951948165893555,
    -3.0713601112365723,
    -1.5846147537231445,
    -0.7672734260559082,
    -0.2582716941833496,
    0.07653558254241943,
    0.29033058881759644
  ],
  "distributed": false
}