{
  "mse": 0.0038593290373682976,
  "mae": 0.058366648852825165,
  "r2": -1.8142411708831787,
  "loss": 0.002957529178729601
}