{
  "mse": 0.07972242683172226,
  "mae": 0.2505896985530853,
  "r2": -5.426873683929443,
  "loss": 0.08455425064312294,
  "selected_model": "best",
  "model_type": "best"
}