{
  "train_losses": [
    0.068729727412574,
    0.06072402683951493,
    0.049509732235622196,
    0.04091743805578777,
    0.03851943277654105,
    0.031314868080828874,
    0.0292264906040925,
    0.025549939035304954,
    0.02491167393912162,
    0.020437257530699884,
    0.019693254410023137,
    0.016427395067044666,
    0.016796021805410937,
    0.015858575394044498,
    0.014764160982200078,
    0.01501670656060534,
    0.015003386103282017,
    0.014950407036979283,
    0.014266221434809268,
    0.013837159694438534
  ],
  "val_losses": [
    0.13675377890467644,
    0.10817671939730644,
    0.08503713086247444,
    0.06668475270271301,
    0.05165448971092701,
    0.03961291257292032,
    0.03053220105357468,
    0.023296252824366093,
    0.01774902769830078,
    0.013631188659928739,
    0.010498165211174637,
    0.008176327115506865,
    0.006559392859344371,
    0.005460699714603834,
    0.004713517613708973,
    0.004119428340345621,
    0.003689277065859642,
    0.003388623230421217,
    0.003124320762253774,
    0.002957529178729601
  ],
  "val_r2_scores": [
    -96.02284240722656,
    -76.09315490722656,
    -59.93792724609375,
    -47.104454040527344,
    -36.577880859375,
    -28.131752014160156,
    -21.740032196044922,
    -16.623437881469727,
    -12.684504508972168,
    -9.744361877441406,
    -7.491476058959961,
    -5.809659004211426,
    -4.62151575088501,
    -3.8018083572387695,
    -3.233107566833496,
    -2.7740864753723145,
    -2.4326071739196777,
    -2.1864984035491943,
    -1.962557077407837,
    -1.8142411708831787
  ],
  "best_epoch": 20
}