{
  "mse": 0.0049965521320700645,
  "mae": 0.06495674699544907,
  "r2": 0.5971997976303101,
  "loss": 0.005091818427899852,
  "model_type": "final"
}