{
  "mse": 0.0005602380842901766,
  "mae": 0.018840879201889038,
  "r2": 0.5914716720581055,
  "loss": 0.00048750208952696994
}