{
  "mse": 0.0037367455661296844,
  "mae": 0.05481456220149994,
  "r2": 0.698759913444519,
  "loss": 0.0038256502157310024,
  "selected_model": "best",
  "model_type": "best"
}