{
  "total_epochs": 20,
  "best_epoch": 17,
  "best_val_loss": 0.00048750208952696994,
  "best_val_r2": 0.5914716720581055,
  "total_time_sec": 0.9991858320427127,
  "mean_time_per_epoch": 0.049959291602135636,
  "std_time_per_epoch": 0.02658267706472508,
  "epoch_times": [
    0.16566974995657802,
    0.04820670798653737,
    0.04182266601128504,
    0.0456883329898119,
    0.044176583003718406,
    0.04304979101289064,
    0.0452134590013884,
    0.04495587502606213,
    0.043357208953239024,
    0.04400783299934119,
    0.04397883400088176,
    0.04374366602860391,
    0.04286004201276228,
    0.04376875003799796,
    0.04225400002906099,
    0.0439285829779692,
    0.04323487501824275,
    0.04406091698911041,
    0.04347825003787875,
    0.0417297079693526
  ],
  "train_losses": [
    0.04768024350050837,
    0.020229987367721542,
    0.013059630565943994,
    0.011597698138627623,
    0.011360105842218868,
    0.009582777058572642,
    0.010606182780715503,
    0.009595029796141066,
    0.009363835860442902,
    0.008045229054654815,
    0.008216215438941228,
    0.00679954733433468,
    0.008144525233157245,
    0.007780762331094593,
    0.008067335850293083,
    0.008021657488175802,
    0.008287840273364313,
    0.007961366832855024,
    0.00753966930954318,
    0.007079886821364718
  ],
  "val_losses": [
    0.015998992137610912,
    0.006553783008712344,
    0.0024146980522345984,
    0.00185907565173693,
    0.001314128378908208,
    0.0012505506601883098,
    0.0010704433952923864,
    0.0009010769426822662,
    0.0007869617402320728,
    0.00112722376070451,
    0.0005290924491418991,
    0.0010637612358550541,
    0.0004966358865203802,
    0.0013410815154202282,
    0.0004907055736111943,
    0.0010427281085867435,
    0.00048750208952696994,
    0.0010028980614151806,
    0.0005300882148731034,
    0.0008619452128186822
  ],
  "val_r2_scores": [
    -11.396302223205566,
    -4.094275951385498,
    -1.2858490943908691,
    -0.7286028861999512,
    -0.250744104385376,
    -0.1362379789352417,
    0.10694658756256104,
    0.23445743322372437,
    0.3848952651023865,
    0.21214306354522705,
    0.5413779020309448,
    0.2796364426612854,
    0.5797762274742126,
    0.14345437288284302,
    0.5834265947341919,
    0.30285578966140747,
    0.5914716720581055,
    0.33826762437820435,
    0.5235796570777893,
    0.42464643716812134
  ],
  "distributed": false
}