{
  "mse": 0.08932080119848251,
  "mae": 0.2807941138744354,
  "r2": -6.200653076171875,
  "loss": 0.09066922097436843,
  "model_type": "best"
}