{
  "mse": 0.07904522120952606,
  "mae": 0.2654438316822052,
  "r2": -5.372280597686768,
  "loss": 0.08019034552478022,
  "selected_model": "final",
  "model_type": "final"
}