{
  "mse": 0.0015167446108534932,
  "mae": 0.03145846724510193,
  "r2": -0.10601747035980225,
  "loss": 0.0016626501623809768
}