{
  "train_losses": [
    0.015274122680394768,
    0.008785923959704133,
    0.006853792462959416,
    0.006803298865126127,
    0.006280668076182304,
    0.006162324217609591,
    0.0075243101001671005,
    0.007242997825357577,
    0.004824530176093659,
    0.002437938390685631,
    0.0017622181339984392,
    0.002205157498981141,
    0.0027213328431972914,
    0.00395348531507094,
    0.0062661677158987236,
    0.007091483138087373,
    0.006030836891433275,
    0.003922887714980863,
    0.003161480005826331,
    0.003468135071064656
  ],
  "val_losses": [
    0.001956781417762753,
    0.005701425608444529,
    0.006570704554458364,
    0.011746876196971593,
    0.01719686555532882,
    0.015446703632523377,
    0.006982277188329205,
    0.0027791114362816396,
    0.003995969166191151,
    0.003848916582333354,
    0.005608430794941692,
    0.009925087206423856,
    0.01912239081083009,
    0.023868924472481012,
    0.01954139477143494,
    0.006074061546734391,
    0.0029657081747875335,
    0.0016626501623809768,
    0.0025563286068902994,
    0.002242974408615667
  ],
  "val_r2_scores": [
    -0.50711989402771,
    -3.2185111045837402,
    -3.853762626647949,
    -7.5850830078125,
    -11.499710083007812,
    -10.260482788085938,
    -4.197057723999023,
    -1.1272835731506348,
    -1.8762531280517578,
    -1.6905066967010498,
    -2.877929210662842,
    -5.870660305023193,
    -12.338814735412598,
    -15.62546157836914,
    -12.564050674438477,
    -3.1350302696228027,
    -0.9865487813949585,
    -0.10601747035980225,
    -0.7204627990722656,
    -0.5087782144546509
  ],
  "best_epoch": 18
}